No,필드명,설명,코드여부,타입
1,BASE_YM,기준년월,N,Char
2,CUST_ID,고객식별자,N,Char
3,SEX,성별,Y,Char
4,AGE,연령대,Y,Char
5,JB_TP,직업군,Y,Char
6,HOME_ADM,거주지시도,Y,Char
7,COM_ADM,근무지시도,Y,Char
8,HIGHEND_CD1,하이엔드대상자코드1,Y,Char
9,HIGHEND_CD2,하이엔드대상자코드2,Y,Char
10,HIGHEND_CD3,하이엔드대상자코드3,Y,Char
11,HIGHEND_CD4,하이엔드대상자코드4,Y,Char
12,LIF_STG,라이프스테이지,Y,Char
13,HB_1ST,취미1순위,Y,Char
14,COFFEE_1ST,1순위커피브랜드코드,Y,Char
15,BUY_LUX_YN,명품구매여부,Y,Char
16,APP_GD,앱구매등급,Y,Char
17,MUSIC_GD,디지털음악이용등급,Y,Char
18,GAME_GD,게임이용등급,Y,Char
19,GOLF_GD,골프이용등급코드,Y,Char
20,PET_GD,애완동물관심등급,Y,Char
21,DONATION_YN,기부여부,Y,Char
22,TRAVEL_GD,국내여행등급코드,Y,Char
23,CAR_YN,자동차이용여부,Y,Char
24,VIP_CARD_YN,VIP카드소지여부,Y,Char
25,CHILD_EDU,자녀교육관심,Y,Char
26,RET_SIL,퇴직실버,Y,Char
27,TRAVEL_OS,해외여행관심,Y,Char
28,TRAVEL_JJ,제주여행관심,Y,Char
29,GOLF_INDOOR,실내골프장이용(스크린포함),Y,Char
30,PREFER_SPORTS,레져/스포츠선호,Y,Char
31,PREFER_HIK,등산선호,Y,Char
32,RNCAR_JJ_YN,제주 렌터카/숙박 이용,Y,Char
33,BUY_PHONE_YN,휴대전화 구입,Y,Char
34,AIRLINE_OS_YN,항공사 이용 (해외여행목적),Y,Char
35,T_AGENCY_OS_YN,여행사 이용 (해외여행목적),Y,Char
36,KTX_YN,KTX 다빈도 이용,Y,Char
37,MUSEUM_YN,"박물관, 미술관 이용",Y,Char
38,BASEBALL_YN,야구장 축구장 이용,Y,Char
39,FST_CAR_ELPS,최초차량구매경과월수,N,Int
40,PYE_ICM,전년도 추정 연소득,N,Int
41,PYE_ICM_RT,전년도 추정 연소득(백분위),N,Int
42,PYE_ALL_CD_USE_AMT,전년도 연간전체카드소비금액,N,Int
43,PYE_NET_ASST,전년도 순자산평가금액,N,Int
44,PYE_CAR_OWN,전년도 차량보유(국산/수입),Y,Char
45,PYE_CAR_LN_AMT,전년도 차량할부약정액,N,Int
46,PYE_CAR_SIZE,전년도 보유차량크기,Y,Char
47,TOT_ASST,총자산평가금액,N,Int
48,PYE_FAM_CNT,추정가구원수_전년말기준,N,Int
49,PYE_ELE_CAR_YN,전기차보유여부_전년말기준,Y,Char
50,PYE_HOME_CHAR_DIST,자택_충전소최단거리_전년말기준,N,Int
51,PYE_COM_CHAR_DIST,직장_충전소최단거리_전년말기준,N,Int
52,OWN_HOUS_CNT,주택보유건수,N,Int
53,OWN_LIV_YN,자가거주여부,Y,Char
54,FAM_OWN_HOUS_CNT,주택보유건수_가구기준,N,Int
55,FAM_OWN_LIV_YN,자가거주여부_가구기준,Y,Char
56,HOUS_LN_BAL,주택담보대출잔액,N,Int
57,CRDT_LN_BAL,신용대출잔액,N,Int
58,CD_USE_AMT,카드소비금액,N,Int
59,HOUS_LN_BAL_NEW,분기신규주담대출여부,Y,Char
60,CRDT_LN_BAL_NEW,분기신규신용대출여부,Y,Char
61,FST_HOUS_BUY_ELPS,생애최초주택구입경과월수,N,Int
62,BUY_HOUS_ADM,신규구매주택시도코드,Y,Char
63,BUY_HOUS_PRICE,신규구매주택시세,N,Int
64,SHP_CNT,사업체건수,N,Int
65,MX_SHP_ADM,매출최대사업체시도코드,Y,Char
66,SHP_CD_USE,사업자카드이용,N,Int
67,SHP_LN_BAL,사업자대출잔액,N,Int
68,YR_SALES,연매출추정금액,N,Int
69,PYE_MAX_DLQ_DAY,최장연체일수_미해제_전년말기준,N,Int
70,PYE_C1M2B4W03,3개월내신용카드일시불총이용금액(해지포함)_전년말기준,N,Int
71,PYE_C1M2B5W03,3개월내신용카드할부총이용금액(해지포함)_전년말기준,N,Int
72,PYE_C1M210000,신용카드건수(미해지)_전년말기준,N,Int
73,PYE_C18233003,3개월전신용카드기관수(미해지)_전년말기준,N,Int
74,PYE_C18233004,6개월전신용카드기관수(미해지)_전년말기준,N,Int
75,PYE_C18233005,1년전신용카드기관수(미해지)_전년말기준,N,Int
76,PYE_C1L120012,신용카드총한도금액(활성카드)(미해지)_전년말기준,N,Int
77,PYE_C1L120161,최초카드개설일로부터경과일수(활성카드)(미해지)_전년말기준,N,Int
78,PYE_C1L120196,1년전카드총한도금액(활성카드)(미해지)_전년말기준,N,Int
79,PYE_C1L120237,1개월전신용카드총이용잔액유효한도소진율(2+)(활성카드)(해지포함)_전년말기준,N,Num
80,PYE_C1L120250,신용카드총단기카드대출(CA)_20년말기준이용잔액유효한도소진율(2+)(활성카드)(해지포함)_전년말기준,N,Num
81,PYE_L10210000,대출건수(미해지)_전년말기준,N,Int
82,PYE_L1021003P,3개월전대출건수(미해지)_전년말기준,N,Int
83,PYE_L1021006P,6개월전대출건수(미해지)_전년말기준,N,Int
84,PYE_L102100CP,12개월전대출건수(미해지)_전년말기준,N,Int
85,PYE_L90210100,은행업종대출건수(미해지)_전년말기준,N,Int
86,PYE_L90210200,카드업종대출건수(미해지)_전년말기준,N,Int
87,PYE_L90210300,할부금융업종대출건수(미해지)_전년말기준,N,Int
88,PYE_L10210800,저축은행업종대출건수(미해지)_전년말기준,N,Int
89,PYE_L10210B00,보험업종대출건수(미해지)_전년말기준,N,Int
90,PYE_L10216000,신용대출건수(미해지)_전년말기준,N,Int
91,PYE_L90216100,은행업종신용대출건수(미해지)_전년말기준,N,Int
92,PYE_L90216300,할부금융업종신용장기카드대출(카드론)_20년말기준리스제외대출건수(미해지)_전년말기준,N,Int
93,PYE_L10216800,저축은행업종신용대출건수(미해지)_전년말기준,N,Int
94,PYE_L10216B00,보험업종신용대출건수(미해지)_전년말기준,N,Int
95,PYE_L1021A000,연체대환대출건수(미해지)_전년말기준,N,Int
96,PYE_L10231000,총약정금액(미해지)_전년말기준,N,Int
97,PYE_D10110001,연체건수(1개월내발생)(해제포함)_전년말기준,N,Int
98,PYE_D10110003,연체건수(3개월내발생)(해제포함)_전년말기준,N,Int
99,PYE_D10110006,연체건수(6개월내발생)(해제포함)_전년말기준,N,Int
100,PYE_D1011000C,연체건수(1년내발생)(해제포함)_전년말기준,N,Int
101,PYE_D10210D00,연체건수(미해제)(대지급포함)_전년말기준,N,Int
102,PYE_D10232000,총연체금액(미해제)_전년말기준,N,Int
103,PYE_AL012G005,3년내자택주소이력건수(구간화)_전년말기준,N,Char
104,PYE_AL012G011,3년내직장명이력건수(구간화)_전년말기준,N,Char
105,PYE_AL012G019,3년내휴대폰번호이력건수(구간화)_전년말기준,N,Char
106,PYE_SC0000000,KCB Score_전년말기준,N,Int
107,B1Y_EQP_MDL,단말기모델코드_전년말기준,Y,Char
108,R3M_ITRT_FIN_PAY,최근3개월_금융_결제_관심도,Y,Char
109,R3M_ITRT_FIN_INSUR,최근3개월_금융_보험_관심도,Y,Char
110,R3M_ITRT_FIN_COIN,최근3개월_금융_암호화폐_관심도,Y,Char
111,R3M_ITRT_FIN_BANK,최근3개월_금융_은행/카드_관심도,Y,Char
112,R3M_ITRT_FIN_ASSET,최근3개월_금융_자산관리_관심도,Y,Char
113,R3M_ITRT_FIN_STOCK,최근3개월_금융_증권_관심도,Y,Char
114,R3M_ITRT_LIFE_HEALTH,최근3개월_생활_건강/운동/의료_관심도,Y,Char
115,R3M_ITRT_LIFE_DELIVERY,최근3개월_생활_배달/식음료_관심도,Y,Char
116,R3M_ITRT_LIFE_HOUSE,최근3개월_생활_부동산_관심도,Y,Char
117,R3M_ITRT_LIFE_MOVE,최근3개월_생활_이사/인테리어_관심도,Y,Char
118,R3M_ITRT_LIFE_CAR,최근3개월_생활_카라이프_관심도,Y,Char
119,R3M_ITRT_LIFE_KIDS,최근3개월_생활_키즈_관심도,Y,Char
120,R3M_ITRT_LIFE_BEAUTY,최근3개월_생활_뷰티_관심도,Y,Char
121,R3M_ITRT_SHOP_MART,최근3개월_쇼핑_백화점/대형마트/면세점_관심도,Y,Char
122,R3M_ITRT_SHOP_SOCIAL,최근3개월_쇼핑_소셜커머스_관심도,Y,Char
123,R3M_ITRT_SHOP_OPEN,최근3개월_쇼핑_오픈마켓_관심도,Y,Char
124,R3M_ITRT_SHOP_BEAUTY,최근3개월_쇼핑_패션/뷰티_관심도,Y,Char
125,R3M_ITRT_SHOP_JIKGU,최근3개월_쇼핑_해외직구_관심도,Y,Char
126,R3M_ITRT_LEISURE_SPORT,최근3개월_레저_스포츠_관심도,Y,Char
127,R3M_ITRT_LEISURE_TRAVEL,최근3개월_레저_여행_관심도,Y,Char
128,R3M_ITRT_LEISURE_HOTEL,최근3개월_레저_호텔/숙박_관심도,Y,Char
129,R3M_ITRT_ENT_SVOD,최근3개월_엔터_sVOD_관심도,Y,Char
130,R3M_ITRT_ENT_BROADCAST,최근3개월_엔터_동영상/방송_관심도,Y,Char
131,R3M_ITRT_ENT_RADIO,최근3개월_엔터_라디오_관심도,Y,Char
132,R3M_ITRT_ENT_PIC,최근3개월_엔터_사진_관심도,Y,Char
133,R3M_ITRT_ENT_WEBTOON,최근3개월_엔터_웹툰/애니_관심도,Y,Char
134,R3M_ITRT_ENT_MUSIC,최근3개월_엔터_음악_관심도,Y,Char
135,R3M_ITRT_INFO_NEWS,최근3개월_정보_뉴스_관심도,Y,Char
136,R3M_ITRT_INFO_BOOK,최근3개월_정보_도서/잡지_관심도,Y,Char
137,R3M_ITRT_INFO_BLOG,최근3개월_정보_블로그_관심도,Y,Char
138,R3M_ITRT_INFO_PORTAL,최근3개월_정보_포탈_관심도,Y,Char
139,R3M_ITRT_COMM_SNS,최근3개월_커뮤_SNS_관심도,Y,Char
140,R3M_ITRT_COMM_VOIP,최근3개월_커뮤_VoIP_관심도,Y,Char
141,R3M_ITRT_COMM_DATE,최근3개월_커뮤_데이트_관심도,Y,Char
142,R3M_ITRT_COMM_MESSENGER,최근3개월_커뮤_메신저_관심도,Y,Char
143,R3M_FOOD_AMT,최근3개월_요식_이용금액,N,Int
144,R3M_ENT_AMT,최근3개월_유흥_이용금액,N,Int
145,R3M_DEP_AMT,최근3개월_백화점_이용금액,N,Int
146,R3M_MART_AMT,최근3개월_대형할인점_이용금액,N,Int
147,R3M_SSM_AMT,최근3개월_소형유통점_이용금액,N,Int
148,R3M_CLOTHES_AMT,최근3개월_의류/잡화_이용금액,N,Int
149,R3M_CUL_AMT,최근3개월_스포츠/문화/레저_이용금액,N,Int
150,R3M_ACCO_AMT,최근3개월_숙박_이용금액,N,Int
151,R3M_TRAVEL_AMT,최근3개월_여행_이용금액,N,Int
152,R3M_TRANS_AMT,최근3개월_교통_이용금액,N,Int
153,R3M_BEAUTY_AMT,최근3개월_미용_이용금액,N,Int
154,R3M_HOUSEHOLD_AMT,최근3개월_가정생활/서비스_이용금액,N,Int
155,R3M_EDU_AMT,최근3개월_교육/학원_이용금액,N,Int
156,R3M_MED_AMT,최근3개월_의료_이용금액,N,Int
157,R3M_FURN_AMT,최근3개월_가전/가구_이용금액,N,Int
158,R3M_CAR_AMT,최근3개월_자동차판매_이용금액,N,Int
159,R3M_CAR_SERVICE_AMT,최근3개월_자동차서비스/용품_이용금액,N,Int
160,R3M_OIL_AMT,최근3개월_주유_이용금액,N,Int
161,R3M_E_COMM_AMT,최근3개월_전자상거래_이용금액,N,Int
162,R3M_DLV_AMT,최근3개월_배달앱_이용금액,N,Int
163,R3M_HOTEL_AMT,최근3개월_특급호텔_이용금액,N,Int
164,R3M_JJ_AMT,최근3개월_제주도지역_이용금액,N,Int
165,R3M_TRAVEL_OS_AMT,최근3개월_해외여행_이용금액,N,Int
166,R3M_STARBUCKS_AMT,최근3개월_스타벅스_이용금액,N,Int
167,R3M_E_CHARGE_AMT,최근3개월_전기차충전_이용금액,N,Int
168,R3M_CONV_AMT,최근3개월_편의점_이용금액,N,Int
169,R3M_M_DEP_AMT,최근3개월_마케팅_백화점_이용금액,N,Int
170,R3M_M_MART_AMT,최근3개월_마케팅_대형마트_이용금액,N,Int
171,R3M_M_S_MART_AMT,최근3개월_마케팅_슈퍼마켓_이용금액,N,Int
172,R3M_M_OUTLET_AMT,최근3개월_마케팅_아울렛_이용금액,N,Int
173,R3M_M_DF_AMT,최근3개월_마케팅_면세점_이용금액,N,Int
174,R3M_M_CONV_AMT,최근3개월_마케팅_편의점_이용금액,N,Int
175,R3M_M_H_SHOP_AMT,최근3개월_마케팅_홈쇼핑_이용금액,N,Int
176,R3M_M_DEP_L_AMT,최근3개월_마케팅_백화점_롯데백화점_이용금액,N,Int
177,R3M_M_DEP_S_AMT,최근3개월_마케팅_백화점_신세계백화점_이용금액,N,Int
178,R3M_M_DEP_H_AMT,최근3개월_마케팅_백화점_현대백화점_이용금액,N,Int
179,R3M_M_DEP_G_AMT,최근3개월_마케팅_백화점_갤러리아백화점_이용금액,N,Int
180,R3M_M_DEP_A_AMT,최근3개월_마케팅_백화점_AK플라자_이용금액,N,Int
181,R3M_M_DEP_I_AMT,최근3개월_마케팅_백화점_아이파크백화점_이용금액,N,Int
182,R3M_M_MART_E_AMT,최근3개월_마케팅_대형마트_이마트_이용금액,N,Int
183,R3M_M_MART_H_AMT,최근3개월_마케팅_대형마트_홈플러스_이용금액,N,Int
184,R3M_M_MART_L_AMT,최근3개월_마케팅_대형마트_롯데마트_이용금액,N,Int
185,R3M_M_MART_N_AMT,최근3개월_마케팅_대형마트_하나로마트_이용금액,N,Int
186,R3M_M_MART_ET_AMT,최근3개월_마케팅_대형마트_이마트트레이더스_이용금액,N,Int
187,R3M_M_MART_V_AMT,최근3개월_마케팅_대형마트_VIC마켓_이용금액,N,Int
188,R3M_MBR_USE_CNT,최근3개월_멤버십사용회수,N,Int
189,R3M_OUTSIDE_WDAY_CNT,최근3개월_평일집직장외방문횟수,N,Int
190,R3M_OUTSIDE_HDAY_CNT,최근3개월_휴일집직장외방문횟수,N,Int
191,R3M_HOME_WDAY_STAY_TIME,최근3개월_평일집근처총체류시간,N,Int
192,R3M_MOV_WDAY_DIST,최근3개월_평일이동총거리,N,Int
193,PYE_CCIR,소득대비카드소비금액비중_전년말기준,N,Num
194,B1Y_MOB_OS,모바일운영체제구분코드_전년말기준,Y,Char
195,DAR,자산대비_부채비중,N,Num
196,ROP,주택소유유형,Y,Char
197,YOY_HIGHEND_CD1_CHYN,전년대비_하이엔드대상자코드1_변화여부,Y,Char
198,YOY_HIGHEND_CD2_CHYN,전년대비_하이엔드대상자코드2_변화여부,Y,Char
199,YOY_HIGHEND_CD3_CHYN,전년대비_하이엔드대상자코드3_변화여부,Y,Char
200,YOY_HIGHEND_CD4_CHYN,전년대비_하이엔드대상자코드4_변화여부,Y,Char
201,R6M_FOOD_AMT,최근6개월_요식_이용금액,N,Int
202,R6M_ENT_AMT,최근6개월_유흥_이용금액,N,Int
203,R6M_DEP_AMT,최근6개월_백화점_이용금액,N,Int
204,R6M_MART_AMT,최근6개월_대형할인점_이용금액,N,Int
205,R6M_SSM_AMT,최근6개월_소형유통점_이용금액,N,Int
206,R6M_CLOTHES_AMT,최근6개월_의류/잡화_이용금액,N,Int
207,R6M_CUL_AMT,최근6개월_스포츠/문화/레저_이용금액,N,Int
208,R6M_ACCO_AMT,최근6개월_숙박_이용금액,N,Int
209,R6M_TRAVEL_AMT,최근6개월_여행_이용금액,N,Int
210,R6M_TRANS_AMT,최근6개월_교통_이용금액,N,Int
211,R6M_BEAUTY_AMT,최근6개월_미용_이용금액,N,Int
212,R6M_HOUSEHOLD_AMT,최근6개월_가정생활/서비스_이용금액,N,Int
213,R6M_EDU_AMT,최근6개월_교육/학원_이용금액,N,Int
214,R6M_MED_AMT,최근6개월_의료_이용금액,N,Int
215,R6M_FURN_AMT,최근6개월_가전/가구_이용금액,N,Int
216,R6M_CAR_AMT,최근6개월_자동차판매_이용금액,N,Int
217,R6M_CAR_SERVICE_AMT,최근6개월_자동차서비스/용품_이용금액,N,Int
218,R6M_OIL_AMT,최근6개월_주유_이용금액,N,Int
219,R6M_E_COMM_AMT,최근6개월_전자상거래_이용금액,N,Int
220,R6M_DLV_AMT,최근6개월_배달앱_이용금액,N,Int
221,R6M_HOTEL_AMT,최근6개월_특급호텔_이용금액,N,Int
222,R6M_JJ_AMT,최근6개월_제주도지역_이용금액,N,Int
223,R6M_TRAVEL_OS_AMT,최근6개월_해외여행_이용금액,N,Int
224,R6M_STARBUCKS_AMT,최근6개월_스타벅스_이용금액,N,Int
225,R6M_E_CHARGE_AMT,최근6개월_전기차충전_이용금액,N,Int
226,R6M_CONV_AMT,최근6개월_편의점_이용금액,N,Int
227,R6M_M_DEP_AMT,최근6개월_마케팅_백화점_이용금액,N,Int
228,R6M_M_MART_AMT,최근6개월_마케팅_대형마트_이용금액,N,Int
229,R6M_M_S_MART_AMT,최근6개월_마케팅_슈퍼마켓_이용금액,N,Int
230,R6M_M_OUTLET_AMT,최근6개월_마케팅_아울렛_이용금액,N,Int
231,R6M_M_DF_AMT,최근6개월_마케팅_면세점_이용금액,N,Int
232,R6M_M_CONV_AMT,최근6개월_마케팅_편의점_이용금액,N,Int
233,R6M_M_H_SHOP_AMT,최근6개월_마케팅_홈쇼핑_이용금액,N,Int
234,R6M_M_DEP_L_AMT,최근6개월_마케팅_백화점_롯데백화점_이용금액,N,Int
235,R6M_M_DEP_S_AMT,최근6개월_마케팅_백화점_신세계백화점_이용금액,N,Int
236,R6M_M_DEP_H_AMT,최근6개월_마케팅_백화점_현대백화점_이용금액,N,Int
237,R6M_M_DEP_G_AMT,최근6개월_마케팅_백화점_갤러리아백화점_이용금액,N,Int
238,R6M_M_DEP_A_AMT,최근6개월_마케팅_백화점_AK플라자_이용금액,N,Int
239,R6M_M_DEP_I_AMT,최근6개월_마케팅_백화점_아이파크백화점_이용금액,N,Int
240,R6M_M_MART_E_AMT,최근6개월_마케팅_대형마트_이마트_이용금액,N,Int
241,R6M_M_MART_H_AMT,최근6개월_마케팅_대형마트_홈플러스_이용금액,N,Int
242,R6M_M_MART_L_AMT,최근6개월_마케팅_대형마트_롯데마트_이용금액,N,Int
243,R6M_M_MART_N_AMT,최근6개월_마케팅_대형마트_하나로마트_이용금액,N,Int
244,R6M_M_MART_ET_AMT,최근6개월_마케팅_대형마트_이마트트레이더스_이용금액,N,Int
245,R6M_M_MART_V_AMT,최근6개월_마케팅_대형마트_VIC마켓_이용금액,N,Int
246,R6M_MBR_USE_CNT,최근6개월_멤버십사용회수,N,Int
247,R6M_OUTSIDE_WDAY_CNT,최근6개월_평일집직장외방문횟수,N,Int
248,R6M_OUTSIDE_HDAY_CNT,최근6개월_휴일집직장외방문횟수,N,Int
249,R6M_HOME_WDAY_STAY_TIME,최근6개월_평일집근처총체류시간,N,Int
250,R6M_MOV_WDAY_DIST,최근6개월_평일이동총거리,N,Int
251,R9M_FOOD_AMT,최근9개월_요식_이용금액,N,Int
252,R9M_ENT_AMT,최근9개월_유흥_이용금액,N,Int
253,R9M_DEP_AMT,최근9개월_백화점_이용금액,N,Int
254,R9M_MART_AMT,최근9개월_대형할인점_이용금액,N,Int
255,R9M_SSM_AMT,최근9개월_소형유통점_이용금액,N,Int
256,R9M_CLOTHES_AMT,최근9개월_의류/잡화_이용금액,N,Int
257,R9M_CUL_AMT,최근9개월_스포츠/문화/레저_이용금액,N,Int
258,R9M_ACCO_AMT,최근9개월_숙박_이용금액,N,Int
259,R9M_TRAVEL_AMT,최근9개월_여행_이용금액,N,Int
260,R9M_TRANS_AMT,최근9개월_교통_이용금액,N,Int
261,R9M_BEAUTY_AMT,최근9개월_미용_이용금액,N,Int
262,R9M_HOUSEHOLD_AMT,최근9개월_가정생활/서비스_이용금액,N,Int
263,R9M_EDU_AMT,최근9개월_교육/학원_이용금액,N,Int
264,R9M_MED_AMT,최근9개월_의료_이용금액,N,Int
265,R9M_FURN_AMT,최근9개월_가전/가구_이용금액,N,Int
266,R9M_CAR_AMT,최근9개월_자동차판매_이용금액,N,Int
267,R9M_CAR_SERVICE_AMT,최근9개월_자동차서비스/용품_이용금액,N,Int
268,R9M_OIL_AMT,최근9개월_주유_이용금액,N,Int
269,R9M_E_COMM_AMT,최근9개월_전자상거래_이용금액,N,Int
270,R9M_DLV_AMT,최근9개월_배달앱_이용금액,N,Int
271,R9M_HOTEL_AMT,최근9개월_특급호텔_이용금액,N,Int
272,R9M_JJ_AMT,최근9개월_제주도지역_이용금액,N,Int
273,R9M_TRAVEL_OS_AMT,최근9개월_해외여행_이용금액,N,Int
274,R9M_STARBUCKS_AMT,최근9개월_스타벅스_이용금액,N,Int
275,R9M_E_CHARGE_AMT,최근9개월_전기차충전_이용금액,N,Int
276,R9M_CONV_AMT,최근9개월_편의점_이용금액,N,Int
277,R9M_M_DEP_AMT,최근9개월_마케팅_백화점_이용금액,N,Int
278,R9M_M_MART_AMT,최근9개월_마케팅_대형마트_이용금액,N,Int
279,R9M_M_S_MART_AMT,최근9개월_마케팅_슈퍼마켓_이용금액,N,Int
280,R9M_M_OUTLET_AMT,최근9개월_마케팅_아울렛_이용금액,N,Int
281,R9M_M_DF_AMT,최근9개월_마케팅_면세점_이용금액,N,Int
282,R9M_M_CONV_AMT,최근9개월_마케팅_편의점_이용금액,N,Int
283,R9M_M_H_SHOP_AMT,최근9개월_마케팅_홈쇼핑_이용금액,N,Int
284,R9M_M_DEP_L_AMT,최근9개월_마케팅_백화점_롯데백화점_이용금액,N,Int
285,R9M_M_DEP_S_AMT,최근9개월_마케팅_백화점_신세계백화점_이용금액,N,Int
286,R9M_M_DEP_H_AMT,최근9개월_마케팅_백화점_현대백화점_이용금액,N,Int
287,R9M_M_DEP_G_AMT,최근9개월_마케팅_백화점_갤러리아백화점_이용금액,N,Int
288,R9M_M_DEP_A_AMT,최근9개월_마케팅_백화점_AK플라자_이용금액,N,Int
289,R9M_M_DEP_I_AMT,최근9개월_마케팅_백화점_아이파크백화점_이용금액,N,Int
290,R9M_M_MART_E_AMT,최근9개월_마케팅_대형마트_이마트_이용금액,N,Int
291,R9M_M_MART_H_AMT,최근9개월_마케팅_대형마트_홈플러스_이용금액,N,Int
292,R9M_M_MART_L_AMT,최근9개월_마케팅_대형마트_롯데마트_이용금액,N,Int
293,R9M_M_MART_N_AMT,최근9개월_마케팅_대형마트_하나로마트_이용금액,N,Int
294,R9M_M_MART_ET_AMT,최근9개월_마케팅_대형마트_이마트트레이더스_이용금액,N,Int
295,R9M_M_MART_V_AMT,최근9개월_마케팅_대형마트_VIC마켓_이용금액,N,Int
296,R9M_MBR_USE_CNT,최근9개월_멤버십사용회수,N,Int
297,R9M_OUTSIDE_WDAY_CNT,최근9개월_평일집직장외방문횟수,N,Int
298,R9M_OUTSIDE_HDAY_CNT,최근9개월_휴일집직장외방문횟수,N,Int
299,R9M_HOME_WDAY_STAY_TIME,최근9개월_평일집근처총체류시간,N,Int
300,R9M_MOV_WDAY_DIST,최근9개월_평일이동총거리,N,Int
301,R12M_FOOD_AMT,최근12개월_요식_이용금액,N,Int
302,R12M_ENT_AMT,최근12개월_유흥_이용금액,N,Int
303,R12M_DEP_AMT,최근12개월_백화점_이용금액,N,Int
304,R12M_MART_AMT,최근12개월_대형할인점_이용금액,N,Int
305,R12M_SSM_AMT,최근12개월_소형유통점_이용금액,N,Int
306,R12M_CLOTHES_AMT,최근12개월_의류/잡화_이용금액,N,Int
307,R12M_CUL_AMT,최근12개월_스포츠/문화/레저_이용금액,N,Int
308,R12M_ACCO_AMT,최근12개월_숙박_이용금액,N,Int
309,R12M_TRAVEL_AMT,최근12개월_여행_이용금액,N,Int
310,R12M_TRANS_AMT,최근12개월_교통_이용금액,N,Int
311,R12M_BEAUTY_AMT,최근12개월_미용_이용금액,N,Int
312,R12M_HOUSEHOLD_AMT,최근12개월_가정생활/서비스_이용금액,N,Int
313,R12M_EDU_AMT,최근12개월_교육/학원_이용금액,N,Int
314,R12M_MED_AMT,최근12개월_의료_이용금액,N,Int
315,R12M_FURN_AMT,최근12개월_가전/가구_이용금액,N,Int
316,R12M_CAR_AMT,최근12개월_자동차판매_이용금액,N,Int
317,R12M_CAR_SERVICE_AMT,최근12개월_자동차서비스/용품_이용금액,N,Int
318,R12M_OIL_AMT,최근12개월_주유_이용금액,N,Int
319,R12M_E_COMM_AMT,최근12개월_전자상거래_이용금액,N,Int
320,R12M_DLV_AMT,최근12개월_배달앱_이용금액,N,Int
321,R12M_HOTEL_AMT,최근12개월_특급호텔_이용금액,N,Int
322,R12M_JJ_AMT,최근12개월_제주도지역_이용금액,N,Int
323,R12M_TRAVEL_OS_AMT,최근12개월_해외여행_이용금액,N,Int
324,R12M_STARBUCKS_AMT,최근12개월_스타벅스_이용금액,N,Int
325,R12M_E_CHARGE_AMT,최근12개월_전기차충전_이용금액,N,Int
326,R12M_CONV_AMT,최근12개월_편의점_이용금액,N,Int
327,R12M_M_DEP_AMT,최근12개월_마케팅_백화점_이용금액,N,Int
328,R12M_M_MART_AMT,최근12개월_마케팅_대형마트_이용금액,N,Int
329,R12M_M_S_MART_AMT,최근12개월_마케팅_슈퍼마켓_이용금액,N,Int
330,R12M_M_OUTLET_AMT,최근12개월_마케팅_아울렛_이용금액,N,Int
331,R12M_M_DF_AMT,최근12개월_마케팅_면세점_이용금액,N,Int
332,R12M_M_CONV_AMT,최근12개월_마케팅_편의점_이용금액,N,Int
333,R12M_M_H_SHOP_AMT,최근12개월_마케팅_홈쇼핑_이용금액,N,Int
334,R12M_M_DEP_L_AMT,최근12개월_마케팅_백화점_롯데백화점_이용금액,N,Int
335,R12M_M_DEP_S_AMT,최근12개월_마케팅_백화점_신세계백화점_이용금액,N,Int
336,R12M_M_DEP_H_AMT,최근12개월_마케팅_백화점_현대백화점_이용금액,N,Int
337,R12M_M_DEP_G_AMT,최근12개월_마케팅_백화점_갤러리아백화점_이용금액,N,Int
338,R12M_M_DEP_A_AMT,최근12개월_마케팅_백화점_AK플라자_이용금액,N,Int
339,R12M_M_DEP_I_AMT,최근12개월_마케팅_백화점_아이파크백화점_이용금액,N,Int
340,R12M_M_MART_E_AMT,최근12개월_마케팅_대형마트_이마트_이용금액,N,Int
341,R12M_M_MART_H_AMT,최근12개월_마케팅_대형마트_홈플러스_이용금액,N,Int
342,R12M_M_MART_L_AMT,최근12개월_마케팅_대형마트_롯데마트_이용금액,N,Int
343,R12M_M_MART_N_AMT,최근12개월_마케팅_대형마트_하나로마트_이용금액,N,Int
344,R12M_M_MART_ET_AMT,최근12개월_마케팅_대형마트_이마트트레이더스_이용금액,N,Int
345,R12M_M_MART_V_AMT,최근12개월_마케팅_대형마트_VIC마켓_이용금액,N,Int
346,R12M_MBR_USE_CNT,최근12개월_멤버십사용회수,N,Int
347,R12M_OUTSIDE_WDAY_CNT,최근12개월_평일집직장외방문횟수,N,Int
348,R12M_OUTSIDE_HDAY_CNT,최근12개월_휴일집직장외방문횟수,N,Int
349,R12M_HOME_WDAY_STAY_TIME,최근12개월_평일집근처총체류시간,N,Int
350,R12M_MOV_WDAY_DIST,최근12개월_평일이동총거리,N,Int
351,CPYT_FOOD_AMT_RT,전년총액대비_요식_이용금액비중,N,Num
352,CPYT_ENT_AMT_RT,전년총액대비_유흥_이용금액비중,N,Num
353,CPYT_DEP_AMT_RT,전년총액대비_백화점_이용금액비중,N,Num
354,CPYT_MART_AMT_RT,전년총액대비_대형할인점_이용금액비중,N,Num
355,CPYT_SSM_AMT_RT,전년총액대비_소형유통점_이용금액비중,N,Num
356,CPYT_CLOTHES_AMT_RT,전년총액대비_의류/잡화_이용금액비중,N,Num
357,CPYT_CUL_AMT_RT,전년총액대비_스포츠/문화/레저_이용금액비중,N,Num
358,CPYT_ACCO_AMT_RT,전년총액대비_숙박_이용금액비중,N,Num
359,CPYT_TRAVEL_AMT_RT,전년총액대비_여행_이용금액비중,N,Num
360,CPYT_TRANS_AMT_RT,전년총액대비_교통_이용금액비중,N,Num
361,CPYT_BEAUTY_AMT_RT,전년총액대비_미용_이용금액비중,N,Num
362,CPYT_HOUSEHOLD_AMT_RT,전년총액대비_가정생활/서비스_이용금액비중,N,Num
363,CPYT_EDU_AMT_RT,전년총액대비_교육/학원_이용금액비중,N,Num
364,CPYT_MED_AMT_RT,전년총액대비_의료_이용금액비중,N,Num
365,CPYT_FURN_AMT_RT,전년총액대비_가전/가구_이용금액비중,N,Num
366,CPYT_CAR_AMT_RT,전년총액대비_자동차판매_이용금액비중,N,Num
367,CPYT_CAR_SERVICE_AMT_RT,전년총액대비_자동차서비스/용품_이용금액비중,N,Num
368,CPYT_OIL_AMT_RT,전년총액대비_주유_이용금액비중,N,Num
369,CPYT_E_COMM_AMT_RT,전년총액대비_전자상거래_이용금액비중,N,Num
370,CPYT_DLV_AMT_RT,전년총액대비_배달앱_이용금액비중,N,Num
371,CPYT_HOTEL_AMT_RT,전년총액대비_특급호텔_이용금액비중,N,Num
372,CPYT_JJ_AMT_RT,전년총액대비_제주도지역_이용금액비중,N,Num
373,CPYT_TRAVEL_OS_AMT_RT,전년총액대비_해외여행_이용금액비중,N,Num
374,CPYT_STARBUCKS_AMT_RT,전년총액대비_스타벅스_이용금액비중,N,Num
375,CPYT_E_CHARGE_AMT_RT,전년총액대비_전기차충전_이용금액비중,N,Num
376,CPYT_CONV_AMT_RT,전년총액대비_편의점_이용금액비중,N,Num
377,CPYT_M_DEP_AMT_RT,전년총액대비_마케팅_백화점_이용금액비중,N,Num
378,CPYT_M_MART_AMT_RT,전년총액대비_마케팅_대형마트_이용금액비중,N,Num
379,CPYT_M_S_MART_AMT_RT,전년총액대비_마케팅_슈퍼마켓_이용금액비중,N,Num
380,CPYT_M_OUTLET_AMT_RT,전년총액대비_마케팅_아울렛_이용금액비중,N,Num
381,CPYT_M_DF_AMT_RT,전년총액대비_마케팅_면세점_이용금액비중,N,Num
382,CPYT_M_CONV_AMT_RT,전년총액대비_마케팅_편의점_이용금액비중,N,Num
383,CPYT_M_H_SHOP_AMT_RT,전년총액대비_마케팅_홈쇼핑_이용금액비중,N,Num
384,CPYT_M_DEP_L_AMT_RT,전년총액대비_마케팅_백화점_롯데백화점_이용금액비중,N,Num
385,CPYT_M_DEP_S_AMT_RT,전년총액대비_마케팅_백화점_신세계백화점_이용금액비중,N,Num
386,CPYT_M_DEP_H_AMT_RT,전년총액대비_마케팅_백화점_현대백화점_이용금액비중,N,Num
387,CPYT_M_DEP_G_AMT_RT,전년총액대비_마케팅_백화점_갤러리아백화점_이용금액비중,N,Num
388,CPYT_M_DEP_A_AMT_RT,전년총액대비_마케팅_백화점_AK플라자_이용금액비중,N,Num
389,CPYT_M_DEP_I_AMT_RT,전년총액대비_마케팅_백화점_아이파크백화점_이용금액비중,N,Num
390,CPYT_M_MART_E_AMT_RT,전년총액대비_마케팅_대형마트_이마트_이용금액비중,N,Num
391,CPYT_M_MART_H_AMT_RT,전년총액대비_마케팅_대형마트_홈플러스_이용금액비중,N,Num
392,CPYT_M_MART_L_AMT_RT,전년총액대비_마케팅_대형마트_롯데마트_이용금액비중,N,Num
393,CPYT_M_MART_N_AMT_RT,전년총액대비_마케팅_대형마트_하나로마트_이용금액비중,N,Num
394,CPYT_M_MART_ET_AMT_RT,전년총액대비_마케팅_대형마트_이마트트레이더스_이용금액비중,N,Num
395,CPYT_M_MART_V_AMT_RT,전년총액대비_마케팅_대형마트_VIC마켓_이용금액비중,N,Num
396,CPYT_MBR_USE_CNT_RT,전년총액대비_멤버십_사용회수비중,N,Num
397,CPYT_FOOD_CUM_AMT_RT,전년총액대비_요식_누적이용금액비중,N,Num
398,CPYT_ENT_CUM_AMT_RT,전년총액대비_유흥_누적이용금액비중,N,Num
399,CPYT_DEP_CUM_AMT_RT,전년총액대비_백화점_누적이용금액비중,N,Num
400,CPYT_MART_CUM_AMT_RT,전년총액대비_대형할인점_누적이용금액비중,N,Num
401,CPYT_SSM_CUM_AMT_RT,전년총액대비_소형유통점_누적이용금액비중,N,Num
402,CPYT_CLOTHES_CUM_AMT_RT,전년총액대비_의류/잡화_누적이용금액비중,N,Num
403,CPYT_CUL_CUM_AMT_RT,전년총액대비_스포츠/문화/레저_누적이용금액비중,N,Num
404,CPYT_ACCO_CUM_AMT_RT,전년총액대비_숙박_누적이용금액비중,N,Num
405,CPYT_TRAVEL_CUM_AMT_RT,전년총액대비_여행_누적이용금액비중,N,Num
406,CPYT_TRANS_CUM_AMT_RT,전년총액대비_교통_누적이용금액비중,N,Num
407,CPYT_BEAUTY_CUM_AMT_RT,전년총액대비_미용_누적이용금액비중,N,Num
408,CPYT_HOUSEHOLD_CUM_AMT_RT,전년총액대비_가정생활/서비스_누적이용금액비중,N,Num
409,CPYT_EDU_CUM_AMT_RT,전년총액대비_교육/학원_누적이용금액비중,N,Num
410,CPYT_MED_CUM_AMT_RT,전년총액대비_의료_누적이용금액비중,N,Num
411,CPYT_FURN_CUM_AMT_RT,전년총액대비_가전/가구_누적이용금액비중,N,Num
412,CPYT_CAR_CUM_AMT_RT,전년총액대비_자동차판매_누적이용금액비중,N,Num
413,CPYT_CAR_SERVICE_CUM_AMT_RT,전년총액대비_자동차서비스/용품_누적이용금액비중,N,Num
414,CPYT_OIL_CUM_AMT_RT,전년총액대비_주유_누적이용금액비중,N,Num
415,CPYT_E_COMM_CUM_AMT_RT,전년총액대비_전자상거래_누적이용금액비중,N,Num
416,CPYT_DLV_CUM_AMT_RT,전년총액대비_배달앱_누적이용금액비중,N,Num
417,CPYT_HOTEL_CUM_AMT_RT,전년총액대비_특급호텔_누적이용금액비중,N,Num
418,CPYT_JJ_CUM_AMT_RT,전년총액대비_제주도지역_누적이용금액비중,N,Num
419,CPYT_TRAVEL_OS_CUM_AMT_RT,전년총액대비_해외여행_누적이용금액비중,N,Num
420,CPYT_STARBUCKS_CUM_AMT_RT,전년총액대비_스타벅스_누적이용금액비중,N,Num
421,CPYT_E_CHARGE_CUM_AMT_RT,전년총액대비_전기차충전_누적이용금액비중,N,Num
422,CPYT_CONV_CUM_AMT_RT,전년총액대비_편의점_누적이용금액비중,N,Num
423,CPYT_M_DEP_CUM_AMT_RT,전년총액대비_마케팅_백화점_누적이용금액비중,N,Num
424,CPYT_M_MART_CUM_AMT_RT,전년총액대비_마케팅_대형마트_누적이용금액비중,N,Num
425,CPYT_M_S_MART_CUM_AMT_RT,전년총액대비_마케팅_슈퍼마켓_누적이용금액비중,N,Num
426,CPYT_M_OUTLET_CUM_AMT_RT,전년총액대비_마케팅_아울렛_누적이용금액비중,N,Num
427,CPYT_M_DF_CUM_AMT_RT,전년총액대비_마케팅_면세점_누적이용금액비중,N,Num
428,CPYT_M_CONV_CUM_AMT_RT,전년총액대비_마케팅_편의점_누적이용금액비중,N,Num
429,CPYT_M_H_SHOP_CUM_AMT_RT,전년총액대비_마케팅_홈쇼핑_누적이용금액비중,N,Num
430,CPYT_M_DEP_L_CUM_AMT_RT,전년총액대비_마케팅_백화점_롯데백화점_누적이용금액비중,N,Num
431,CPYT_M_DEP_S_CUM_AMT_RT,전년총액대비_마케팅_백화점_신세계백화점_누적이용금액비중,N,Num
432,CPYT_M_DEP_H_CUM_AMT_RT,전년총액대비_마케팅_백화점_현대백화점_누적이용금액비중,N,Num
433,CPYT_M_DEP_G_CUM_AMT_RT,전년총액대비_마케팅_백화점_갤러리아백화점_누적이용금액비중,N,Num
434,CPYT_M_DEP_A_CUM_AMT_RT,전년총액대비_마케팅_백화점_AK플라자_누적이용금액비중,N,Num
435,CPYT_M_DEP_I_CUM_AMT_RT,전년총액대비_마케팅_백화점_아이파크백화점_누적이용금액비중,N,Num
436,CPYT_M_MART_E_CUM_AMT_RT,전년총액대비_마케팅_대형마트_이마트_누적이용금액비중,N,Num
437,CPYT_M_MART_H_CUM_AMT_RT,전년총액대비_마케팅_대형마트_홈플러스_누적이용금액비중,N,Num
438,CPYT_M_MART_L_CUM_AMT_RT,전년총액대비_마케팅_대형마트_롯데마트_누적이용금액비중,N,Num
439,CPYT_M_MART_N_CUM_AMT_RT,전년총액대비_마케팅_대형마트_하나로마트_누적이용금액비중,N,Num
440,CPYT_M_MART_ET_CUM_AMT_RT,전년총액대비_마케팅_대형마트_이마트트레이더스_누적이용금액비중,N,Num
441,CPYT_M_MART_V_CUM_AMT_RT,전년총액대비_마케팅_대형마트_VIC마켓_누적이용금액비중,N,Num
442,CPYT_MBR_USE_CUM_CNT_RT,전년총액대비_멤버십_누적사용회수비중,N,Num
443,CPYT_FOOD_CPPY_AMT_RT,전년총액대비_요식_전년동기이용금액비중,N,Num
444,CPYT_ENT_CPPY_AMT_RT,전년총액대비_유흥_전년동기이용금액비중,N,Num
445,CPYT_DEP_CPPY_AMT_RT,전년총액대비_백화점_전년동기이용금액비중,N,Num
446,CPYT_MART_CPPY_AMT_RT,전년총액대비_대형할인점_전년동기이용금액비중,N,Num
447,CPYT_SSM_CPPY_AMT_RT,전년총액대비_소형유통점_전년동기이용금액비중,N,Num
448,CPYT_CLOTHES_CPPY_AMT_RT,전년총액대비_의류/잡화_전년동기이용금액비중,N,Num
449,CPYT_CUL_CPPY_AMT_RT,전년총액대비_스포츠/문화/레저_전년동기이용금액비중,N,Num
450,CPYT_ACCO_CPPY_AMT_RT,전년총액대비_숙박_전년동기이용금액비중,N,Num
451,CPYT_TRAVEL_CPPY_AMT_RT,전년총액대비_여행_전년동기이용금액비중,N,Num
452,CPYT_TRANS_CPPY_AMT_RT,전년총액대비_교통_전년동기이용금액비중,N,Num
453,CPYT_BEAUTY_CPPY_AMT_RT,전년총액대비_미용_전년동기이용금액비중,N,Num
454,CPYT_HOUSEHOLD_CPPY_AMT_RT,전년총액대비_가정생활/서비스_전년동기이용금액비중,N,Num
455,CPYT_EDU_CPPY_AMT_RT,전년총액대비_교육/학원_전년동기이용금액비중,N,Num
456,CPYT_MED_CPPY_AMT_RT,전년총액대비_의료_전년동기이용금액비중,N,Num
457,CPYT_FURN_CPPY_AMT_RT,전년총액대비_가전/가구_전년동기이용금액비중,N,Num
458,CPYT_CAR_CPPY_AMT_RT,전년총액대비_자동차판매_전년동기이용금액비중,N,Num
459,CPYT_CAR_SERVICE_CPPY_AMT_RT,전년총액대비_자동차서비스/용품_전년동기이용금액비중,N,Num
460,CPYT_OIL_CPPY_AMT_RT,전년총액대비_주유_전년동기이용금액비중,N,Num
461,CPYT_E_COMM_CPPY_AMT_RT,전년총액대비_전자상거래_전년동기이용금액비중,N,Num
462,CPYT_DLV_CPPY_AMT_RT,전년총액대비_배달앱_전년동기이용금액비중,N,Num
463,CPYT_HOTEL_CPPY_AMT_RT,전년총액대비_특급호텔_전년동기이용금액비중,N,Num
464,CPYT_JJ_CPPY_AMT_RT,전년총액대비_제주도지역_전년동기이용금액비중,N,Num
465,CPYT_TRAVEL_OS_CPPY_AMT_RT,전년총액대비_해외여행_전년동기이용금액비중,N,Num
466,CPYT_STARBUCKS_CPPY_AMT_RT,전년총액대비_스타벅스_전년동기이용금액비중,N,Num
467,CPYT_E_CHARGE_CPPY_AMT_RT,전년총액대비_전기차충전_전년동기이용금액비중,N,Num
468,CPYT_CONV_CPPY_AMT_RT,전년총액대비_편의점_전년동기이용금액비중,N,Num
469,CPYT_M_DEP_CPPY_AMT_RT,전년총액대비_마케팅_백화점_전년동기이용금액비중,N,Num
470,CPYT_M_MART_CPPY_AMT_RT,전년총액대비_마케팅_대형마트_전년동기이용금액비중,N,Num
471,CPYT_M_S_MART_CPPY_AMT_RT,전년총액대비_마케팅_슈퍼마켓_전년동기이용금액비중,N,Num
472,CPYT_M_OUTLET_CPPY_AMT_RT,전년총액대비_마케팅_아울렛_전년동기이용금액비중,N,Num
473,CPYT_M_DF_CPPY_AMT_RT,전년총액대비_마케팅_면세점_전년동기이용금액비중,N,Num
474,CPYT_M_CONV_CPPY_AMT_RT,전년총액대비_마케팅_편의점_전년동기이용금액비중,N,Num
475,CPYT_M_H_SHOP_CPPY_AMT_RT,전년총액대비_마케팅_홈쇼핑_전년동기이용금액비중,N,Num
476,CPYT_M_DEP_L_CPPY_AMT_RT,전년총액대비_마케팅_백화점_롯데백화점_전년동기이용금액비중,N,Num
477,CPYT_M_DEP_S_CPPY_AMT_RT,전년총액대비_마케팅_백화점_신세계백화점_전년동기이용금액비중,N,Num
478,CPYT_M_DEP_H_CPPY_AMT_RT,전년총액대비_마케팅_백화점_현대백화점_전년동기이용금액비중,N,Num
479,CPYT_M_DEP_G_CPPY_AMT_RT,전년총액대비_마케팅_백화점_갤러리아백화점_전년동기이용금액비중,N,Num
480,CPYT_M_DEP_A_CPPY_AMT_RT,전년총액대비_마케팅_백화점_AK플라자_전년동기이용금액비중,N,Num
481,CPYT_M_DEP_I_CPPY_AMT_RT,전년총액대비_마케팅_백화점_아이파크백화점_전년동기이용금액비중,N,Num
482,CPYT_M_MART_E_CPPY_AMT_RT,전년총액대비_마케팅_대형마트_이마트_전년동기이용금액비중,N,Num
483,CPYT_M_MART_H_CPPY_AMT_RT,전년총액대비_마케팅_대형마트_홈플러스_전년동기이용금액비중,N,Num
484,CPYT_M_MART_L_CPPY_AMT_RT,전년총액대비_마케팅_대형마트_롯데마트_전년동기이용금액비중,N,Num
485,CPYT_M_MART_N_CPPY_AMT_RT,전년총액대비_마케팅_대형마트_하나로마트_전년동기이용금액비중,N,Num
486,CPYT_M_MART_ET_CPPY_AMT_RT,전년총액대비_마케팅_대형마트_이마트트레이더스_전년동기이용금액비중,N,Num
487,CPYT_M_MART_V_CPPY_AMT_RT,전년총액대비_마케팅_대형마트_VIC마켓_전년동기이용금액비중,N,Num
488,CPYT_MBR_USE_CPPY_CNT_RT,전년총액대비_멤버십_전년동기사용회수비중,N,Num
489,CPYT_FOOD_CPPY_CUM_AMT_RT,전년총액대비_요식_전년동기누적이용금액비중,N,Num
490,CPYT_ENT_CPPY_CUM_AMT_RT,전년총액대비_유흥_전년동기누적이용금액비중,N,Num
491,CPYT_DEP_CPPY_CUM_AMT_RT,전년총액대비_백화점_전년동기누적이용금액비중,N,Num
492,CPYT_MART_CPPY_CUM_AMT_RT,전년총액대비_대형할인점_전년동기누적이용금액비중,N,Num
493,CPYT_SSM_CPPY_CUM_AMT_RT,전년총액대비_소형유통점_전년동기누적이용금액비중,N,Num
494,CPYT_CLOTHES_CPPY_CUM_AMT_RT,전년총액대비_의류/잡화_전년동기누적이용금액비중,N,Num
495,CPYT_CUL_CPPY_CUM_AMT_RT,전년총액대비_스포츠/문화/레저_전년동기누적이용금액비중,N,Num
496,CPYT_ACCO_CPPY_CUM_AMT_RT,전년총액대비_숙박_전년동기누적이용금액비중,N,Num
497,CPYT_TRAVEL_CPPY_CUM_AMT_RT,전년총액대비_여행_전년동기누적이용금액비중,N,Num
498,CPYT_TRANS_CPPY_CUM_AMT_RT,전년총액대비_교통_전년동기누적이용금액비중,N,Num
499,CPYT_BEAUTY_CPPY_CUM_AMT_RT,전년총액대비_미용_전년동기누적이용금액비중,N,Num
500,CPYT_HOUSEHOLD_CPPY_CUM_AMT_RT,전년총액대비_가정생활/서비스_전년동기누적이용금액비중,N,Num
501,CPYT_EDU_CPPY_CUM_AMT_RT,전년총액대비_교육/학원_전년동기누적이용금액비중,N,Num
502,CPYT_MED_CPPY_CUM_AMT_RT,전년총액대비_의료_전년동기누적이용금액비중,N,Num
503,CPYT_FURN_CPPY_CUM_AMT_RT,전년총액대비_가전/가구_전년동기누적이용금액비중,N,Num
504,CPYT_CAR_CPPY_CUM_AMT_RT,전년총액대비_자동차판매_전년동기누적이용금액비중,N,Num
505,CPYT_CAR_SERVICE_CPPY_CUM_AMT_RT,전년총액대비_자동차서비스/용품_전년동기누적이용금액비중,N,Num
506,CPYT_OIL_CPPY_CUM_AMT_RT,전년총액대비_주유_전년동기누적이용금액비중,N,Num
507,CPYT_E_COMM_CPPY_CUM_AMT_RT,전년총액대비_전자상거래_전년동기누적이용금액비중,N,Num
508,CPYT_DLV_CPPY_CUM_AMT_RT,전년총액대비_배달앱_전년동기누적이용금액비중,N,Num
509,CPYT_HOTEL_CPPY_CUM_AMT_RT,전년총액대비_특급호텔_전년동기누적이용금액비중,N,Num
510,CPYT_JJ_CPPY_CUM_AMT_RT,전년총액대비_제주도지역_전년동기누적이용금액비중,N,Num
511,CPYT_TRAVEL_OS_CPPY_CUM_AMT_RT,전년총액대비_해외여행_전년동기누적이용금액비중,N,Num
512,CPYT_STARBUCKS_CPPY_CUM_AMT_RT,전년총액대비_스타벅스_전년동기누적이용금액비중,N,Num
513,CPYT_E_CHARGE_CPPY_CUM_AMT_RT,전년총액대비_전기차충전_전년동기누적이용금액비중,N,Num
514,CPYT_CONV_CPPY_CUM_AMT_RT,전년총액대비_편의점_전년동기누적이용금액비중,N,Num
515,CPYT_M_DEP_CPPY_CUM_AMT_RT,전년총액대비_마케팅_백화점_전년동기누적이용금액비중,N,Num
516,CPYT_M_MART_CPPY_CUM_AMT_RT,전년총액대비_마케팅_대형마트_전년동기누적이용금액비중,N,Num
517,CPYT_M_S_MART_CPPY_CUM_AMT_RT,전년총액대비_마케팅_슈퍼마켓_전년동기누적이용금액비중,N,Num
518,CPYT_M_OUTLET_CPPY_CUM_AMT_RT,전년총액대비_마케팅_아울렛_전년동기누적이용금액비중,N,Num
519,CPYT_M_DF_CPPY_CUM_AMT_RT,전년총액대비_마케팅_면세점_전년동기누적이용금액비중,N,Num
520,CPYT_M_CONV_CPPY_CUM_AMT_RT,전년총액대비_마케팅_편의점_전년동기누적이용금액비중,N,Num
521,CPYT_M_H_SHOP_CPPY_CUM_AMT_RT,전년총액대비_마케팅_홈쇼핑_전년동기누적이용금액비중,N,Num
522,CPYT_M_DEP_L_CPPY_CUM_AMT_RT,전년총액대비_마케팅_백화점_롯데백화점_전년동기누적이용금액비중,N,Num
523,CPYT_M_DEP_S_CPPY_CUM_AMT_RT,전년총액대비_마케팅_백화점_신세계백화점_전년동기누적이용금액비중,N,Num
524,CPYT_M_DEP_H_CPPY_CUM_AMT_RT,전년총액대비_마케팅_백화점_현대백화점_전년동기누적이용금액비중,N,Num
525,CPYT_M_DEP_G_CPPY_CUM_AMT_RT,전년총액대비_마케팅_백화점_갤러리아백화점_전년동기누적이용금액비중,N,Num
526,CPYT_M_DEP_A_CPPY_CUM_AMT_RT,전년총액대비_마케팅_백화점_AK플라자_전년동기누적이용금액비중,N,Num
527,CPYT_M_DEP_I_CPPY_CUM_AMT_RT,전년총액대비_마케팅_백화점_아이파크백화점_전년동기누적이용금액비중,N,Num
528,CPYT_M_MART_E_CPPY_CUM_AMT_RT,전년총액대비_마케팅_대형마트_이마트_전년동기누적이용금액비중,N,Num
529,CPYT_M_MART_H_CPPY_CUM_AMT_RT,전년총액대비_마케팅_대형마트_홈플러스_전년동기누적이용금액비중,N,Num
530,CPYT_M_MART_L_CPPY_CUM_AMT_RT,전년총액대비_마케팅_대형마트_롯데마트_전년동기누적이용금액비중,N,Num
531,CPYT_M_MART_N_CPPY_CUM_AMT_RT,전년총액대비_마케팅_대형마트_하나로마트_전년동기누적이용금액비중,N,Num
532,CPYT_M_MART_ET_CPPY_CUM_AMT_RT,전년총액대비_마케팅_대형마트_이마트트레이더스_전년동기누적이용금액비중,N,Num
533,CPYT_M_MART_V_CPPY_CUM_AMT_RT,전년총액대비_마케팅_대형마트_VIC마켓_전년동기누적이용금액비중,N,Num
534,CPYT_MBR_USE_CPPY_CUM_CNT_RT,전년총액대비_멤버십_전년동기누적사용회수비중,N,Num
535,QOQ_TOT_ASST_RTC,직전분기대비_총자산평가금액_증감률,N,Num
536,QOQ_OWN_HOUS_CNT_CHYN,직전분기대비_주택보유건수_변화여부,Y,Char
537,QOQ_OWN_LIV_YN_CHYN,직전분기대비_자가거주_변화여부,Y,Char
538,QOQ_FAM_OWN_HOUS_CNT_CHYN,직전분기대비_주택보유건수_가구기준_변화여부,Y,Char
539,QOQ_FAM_OWN_LIV_YN_CHYN,직전분기대비_자가거주여부_가구기준_변화여부,Y,Char
540,QOQ_HOUS_LN_BAL_RTC,직전분기대비_주택담보대출잔액_증감률,N,Num
541,QOQ_CRDT_LN_BAL_RTC,직전분기대비_신용대출잔액_증감률,N,Num
542,QOQ_CD_USE_AMT_RTC,직전분기대비_카드소비금액_증감률,N,Num
543,QOQ_HOUS_LN_BAL_NEW_CHYN,직전분기대비_분기신규주담대출여부_변화여부,Y,Char
544,QOQ_CRDT_LN_BAL_NEW_CHYN,직전분기대비_분기신규신용대출여부_변화여부,Y,Char
545,QOQ_BUY_HOUS_ADM_CHYN,직전분기대비_신규구매주택시도코드_변화여부,Y,Char
546,QOQ_BUY_HOUS_PRICE_CHYN,직전분기대비_신규구매주택시세_변화여부,Y,Char
547,QOQ_SHP_CNT_CHYN,직전분기대비_사업체건수_변화여부,Y,Char
548,QOQ_MX_SHP_ADM_CHYN,직전분기대비_매출최대사업체시도코드_변화여부,Y,Char
549,QOQ_SHP_CD_USE_RTC,직전분기대비_사업자카드이용액_증감률,N,Num
550,QOQ_SHP_LN_BAL_RTC,직전분기대비_사업자대출잔액_증감률,N,Num
551,QOQ_YR_SALES_RTC,직전분기대비_연매출추정금액_증감률,N,Num
552,QOQ_R3M_FOOD_AMT_RTC,직전분기대비_최근3개월_요식_이용금액_증감률,N,Num
553,QOQ_R3M_ENT_AMT_RTC,직전분기대비_최근3개월_유흥_이용금액_증감률,N,Num
554,QOQ_R3M_DEP_AMT_RTC,직전분기대비_최근3개월_백화점_이용금액_증감률,N,Num
555,QOQ_R3M_MART_AMT_RTC,직전분기대비_최근3개월_대형할인점_이용금액_증감률,N,Num
556,QOQ_R3M_SSM_AMT_RTC,직전분기대비_최근3개월_소형유통점_이용금액_증감률,N,Num
557,QOQ_R3M_CLOTHES_AMT_RTC,직전분기대비_최근3개월_의류/잡화_이용금액_증감률,N,Num
558,QOQ_R3M_CUL_AMT_RTC,직전분기대비_최근3개월_스포츠/문화/레저_이용금액_증감률,N,Num
559,QOQ_R3M_ACCO_AMT_RTC,직전분기대비_최근3개월_숙박_이용금액_증감률,N,Num
560,QOQ_R3M_TRAVEL_AMT_RTC,직전분기대비_최근3개월_여행_이용금액_증감률,N,Num
561,QOQ_R3M_TRANS_AMT_RTC,직전분기대비_최근3개월_교통_이용금액_증감률,N,Num
562,QOQ_R3M_BEAUTY_AMT_RTC,직전분기대비_최근3개월_미용_이용금액_증감률,N,Num
563,QOQ_R3M_HOUSEHOLD_AMT_RTC,직전분기대비_최근3개월_가정생활/서비스_이용금액_증감률,N,Num
564,QOQ_R3M_EDU_AMT_RTC,직전분기대비_최근3개월_교육/학원_이용금액_증감률,N,Num
565,QOQ_R3M_MED_AMT_RTC,직전분기대비_최근3개월_의료_이용금액_증감률,N,Num
566,QOQ_R3M_FURN_AMT_RTC,직전분기대비_최근3개월_가전/가구_이용금액_증감률,N,Num
567,QOQ_R3M_CAR_AMT_RTC,직전분기대비_최근3개월_자동차판매_이용금액_증감률,N,Num
568,QOQ_R3M_CAR_SERVICE_AMT_RTC,직전분기대비_최근3개월_자동차서비스/용품_이용금액_증감률,N,Num
569,QOQ_R3M_OIL_AMT_RTC,직전분기대비_최근3개월_주유_이용금액_증감률,N,Num
570,QOQ_R3M_E_COMM_AMT_RTC,직전분기대비_최근3개월_전자상거래_이용금액_증감률,N,Num
571,QOQ_R3M_DLV_AMT_RTC,직전분기대비_최근3개월_배달앱_이용금액_증감률,N,Num
572,QOQ_R3M_HOTEL_AMT_RTC,직전분기대비_최근3개월_특급호텔_이용금액_증감률,N,Num
573,QOQ_R3M_JJ_AMT_RTC,직전분기대비_최근3개월_제주도지역_이용금액_증감률,N,Num
574,QOQ_R3M_TRAVEL_OS_AMT_RTC,직전분기대비_최근3개월_해외여행_이용금액_증감률,N,Num
575,QOQ_R3M_STARBUCKS_AMT_RTC,직전분기대비_최근3개월_스타벅스_이용금액_증감률,N,Num
576,QOQ_R3M_E_CHARGE_AMT_RTC,직전분기대비_최근3개월_전기차충전_이용금액_증감률,N,Num
577,QOQ_R3M_CONV_AMT_RTC,직전분기대비_최근3개월_편의점_이용금액_증감률,N,Num
578,QOQ_R3M_M_DEP_AMT_RTC,직전분기대비_최근3개월_마케팅_백화점_이용금액_증감률,N,Num
579,QOQ_R3M_M_MART_AMT_RTC,직전분기대비_최근3개월_마케팅_대형마트_이용금액_증감률,N,Num
580,QOQ_R3M_M_S_MART_AMT_RTC,직전분기대비_최근3개월_마케팅_슈퍼마켓_이용금액_증감률,N,Num
581,QOQ_R3M_M_OUTLET_AMT_RTC,직전분기대비_최근3개월_마케팅_아울렛_이용금액_증감률,N,Num
582,QOQ_R3M_M_DF_AMT_RTC,직전분기대비_최근3개월_마케팅_면세점_이용금액_증감률,N,Num
583,QOQ_R3M_M_CONV_AMT_RTC,직전분기대비_최근3개월_마케팅_편의점_이용금액_증감률,N,Num
584,QOQ_R3M_M_H_SHOP_AMT_RTC,직전분기대비_최근3개월_마케팅_홈쇼핑_이용금액_증감률,N,Num
585,QOQ_R3M_M_DEP_L_AMT_RTC,직전분기대비_최근3개월_마케팅_백화점_롯데백화점_이용금액_증감률,N,Num
586,QOQ_R3M_M_DEP_S_AMT_RTC,직전분기대비_최근3개월_마케팅_백화점_신세계백화점_이용금액_증감률,N,Num
587,QOQ_R3M_M_DEP_H_AMT_RTC,직전분기대비_최근3개월_마케팅_백화점_현대백화점_이용금액_증감률,N,Num
588,QOQ_R3M_M_DEP_G_AMT_RTC,직전분기대비_최근3개월_마케팅_백화점_갤러리아백화점_이용금액_증감률,N,Num
589,QOQ_R3M_M_DEP_A_AMT_RTC,직전분기대비_최근3개월_마케팅_백화점_AK플라자_이용금액_증감률,N,Num
590,QOQ_R3M_M_DEP_I_AMT_RTC,직전분기대비_최근3개월_마케팅_백화점_아이파크백화점_이용금액_증감률,N,Num
591,QOQ_R3M_M_MART_E_AMT_RTC,직전분기대비_최근3개월_마케팅_대형마트_이마트_이용금액_증감률,N,Num
592,QOQ_R3M_M_MART_H_AMT_RTC,직전분기대비_최근3개월_마케팅_대형마트_홈플러스_이용금액_증감률,N,Num
593,QOQ_R3M_M_MART_L_AMT_RTC,직전분기대비_최근3개월_마케팅_대형마트_롯데마트_이용금액_증감률,N,Num
594,QOQ_R3M_M_MART_N_AMT_RTC,직전분기대비_최근3개월_마케팅_대형마트_하나로마트_이용금액_증감률,N,Num
595,QOQ_R3M_M_MART_ET_AMT_RTC,직전분기대비_최근3개월_마케팅_대형마트_이마트트레이더스_이용금액_증감률,N,Num
596,QOQ_R3M_M_MART_V_AMT_RTC,직전분기대비_최근3개월_마케팅_대형마트_VIC마켓_이용금액_증감률,N,Num
597,QOQ_R3M_MBR_USE_CNT_RTC,직전분기대비_최근3개월_멤버십사용회수_증감률,N,Num
598,QOQ_R3M_OUTSIDE_WDAY_CNT_RTC,직전분기대비_최근3개월_평일집직장외방문횟수_증감률,N,Num
599,QOQ_R3M_OUTSIDE_HDAY_CNT_RTC,직전분기대비_최근3개월_휴일집직장외방문횟수_증감률,N,Num
600,QOQ_R3M_HOME_WDAY_STAY_TIME_RTC,직전분기대비_최근3개월_평일집근처총체류시간_증감률,N,Num
601,QOQ_R3M_MOV_WDAY_DIST_RTC,직전분기대비_최근3개월_평일이동총거리_증감률,N,Num
602,QOQ_R3M_ITRT_FIN_PAY_CS,직전분기대비_금융_결제_관심도_변화,Y,Char
603,QOQ_R3M_ITRT_FIN_INSUR_CS,직전분기대비_금융_보험_관심도_변화,Y,Char
604,QOQ_R3M_ITRT_FIN_COIN_CS,직전분기대비_금융_암호화폐_관심도_변화,Y,Char
605,QOQ_R3M_ITRT_FIN_BANK_CS,직전분기대비_금융_은행/카드_관심도_변화,Y,Char
606,QOQ_R3M_ITRT_FIN_ASSET_CS,직전분기대비_금융_자산관리_관심도_변화,Y,Char
607,QOQ_R3M_ITRT_FIN_STOCK_CS,직전분기대비_금융_증권_관심도_변화,Y,Char
608,QOQ_R3M_ITRT_LIFE_HEALTH_CS,직전분기대비_생활_건강/운동/의료_관심도_변화,Y,Char
609,QOQ_R3M_ITRT_LIFE_DELIVERY_CS,직전분기대비_생활_배달/식음료_관심도_변화,Y,Char
610,QOQ_R3M_ITRT_LIFE_HOUSE_CS,직전분기대비_생활_부동산_관심도_변화,Y,Char
611,QOQ_R3M_ITRT_LIFE_MOVE_CS,직전분기대비_생활_이사/인테리어_관심도_변화,Y,Char
612,QOQ_R3M_ITRT_LIFE_CAR_CS,직전분기대비_생활_카라이프_관심도_변화,Y,Char
613,QOQ_R3M_ITRT_LIFE_KIDS_CS,직전분기대비_생활_키즈_관심도_변화,Y,Char
614,QOQ_R3M_ITRT_LIFE_BEAUTY_CS,직전분기대비_생활_뷰티_관심도_변화,Y,Char
615,QOQ_R3M_ITRT_SHOP_MART_CS,직전분기대비_쇼핑_백화점/대형마트/면세점_관심도_변화,Y,Char
616,QOQ_R3M_ITRT_SHOP_SOCIAL_CS,직전분기대비_쇼핑_소셜커머스_관심도_변화,Y,Char
617,QOQ_R3M_ITRT_SHOP_OPEN_CS,직전분기대비_쇼핑_오픈마켓_관심도_변화,Y,Char
618,QOQ_R3M_ITRT_SHOP_BEAUTY_CS,직전분기대비_쇼핑_패션/뷰티_관심도_변화,Y,Char
619,QOQ_R3M_ITRT_SHOP_JIKGU_CS,직전분기대비_쇼핑_해외직구_관심도_변화,Y,Char
620,QOQ_R3M_ITRT_LEISURE_SPORT_CS,직전분기대비_레저_스포츠_관심도_변화,Y,Char
621,QOQ_R3M_ITRT_LEISURE_TRAVEL_CS,직전분기대비_레저_여행_관심도_변화,Y,Char
622,QOQ_R3M_ITRT_LEISURE_HOTEL_CS,직전분기대비_레저_호텔/숙박_관심도_변화,Y,Char
623,QOQ_R3M_ITRT_ENT_SVOD_CS,직전분기대비_엔터_sVOD_관심도_변화,Y,Char
624,QOQ_R3M_ITRT_ENT_BROADCAST_CS,직전분기대비_엔터_동영상/방송_관심도_변화,Y,Char
625,QOQ_R3M_ITRT_ENT_RADIO_CS,직전분기대비_엔터_라디오_관심도_변화,Y,Char
626,QOQ_R3M_ITRT_ENT_PIC_CS,직전분기대비_엔터_사진_관심도_변화,Y,Char
627,QOQ_R3M_ITRT_ENT_WEBTOON_CS,직전분기대비_엔터_웹툰/애니_관심도_변화,Y,Char
628,QOQ_R3M_ITRT_ENT_MUSIC_CS,직전분기대비_엔터_음악_관심도_변화,Y,Char
629,QOQ_R3M_ITRT_INFO_NEWS_CS,직전분기대비_정보_뉴스_관심도_변화,Y,Char
630,QOQ_R3M_ITRT_INFO_BOOK_CS,직전분기대비_정보_도서/잡지_관심도_변화,Y,Char
631,QOQ_R3M_ITRT_INFO_BLOG_CS,직전분기대비_정보_블로그_관심도_변화,Y,Char
632,QOQ_R3M_ITRT_INFO_PORTAL_CS,직전분기대비_정보_포탈_관심도_변화,Y,Char
633,QOQ_R3M_ITRT_COMM_SNS_CS,직전분기대비_커뮤_SNS_관심도_변화,Y,Char
634,QOQ_R3M_ITRT_COMM_VOIP_CS,직전분기대비_커뮤_VoIP_관심도_변화,Y,Char
635,QOQ_R3M_ITRT_COMM_DATE_CS,직전분기대비_커뮤_데이트_관심도_변화,Y,Char
636,QOQ_R3M_ITRT_COMM_MESSENGER_CS,직전분기대비_커뮤_메신저_관심도_변화,Y,Char
637,YOY_TOT_ASST_RTC,전년동기대비_총자산평가금액_증감률,N,Num
638,YOY_OWN_HOUS_CNT_CHYN,전년동기대비_주택보유건수_변화여부,Y,Char
639,YOY_OWN_LIV_YN_CHYN,전년동기대비_자가거주_변화여부,Y,Char
640,YOY_FAM_OWN_HOUS_CNT_CHYN,전년동기대비_주택보유건수_가구기준_변화여부,Y,Char
641,YOY_FAM_OWN_LIV_YN_CHYN,전년동기대비_자가거주여부_가구기준_변화여부,Y,Char
642,YOY_HOUS_LN_BAL_RTC,전년동기대비_주택담보대출잔액_증감률,N,Num
643,YOY_CRDT_LN_BAL_RTC,전년동기대비_신용대출잔액_증감률,N,Num
644,YOY_CD_USE_AMT_RTC,전년동기대비_카드소비금액_증감률,N,Num
645,YOY_HOUS_LN_BAL_NEW_CHYN,전년동기대비_분기신규주담대출여부_변화여부,Y,Char
646,YOY_CRDT_LN_BAL_NEW_CHYN,전년동기대비_분기신규신용대출여부_변화여부,Y,Char
647,YOY_BUY_HOUS_ADM_CHYN,전년동기대비_신규구매주택시도코드_변화여부,Y,Char
648,YOY_BUY_HOUS_PRICE_CHYN,전년동기대비_신규구매주택시세_변화여부,Y,Char
649,YOY_SHP_CNT_CHYN,전년동기대비_사업체건수_변화여부,Y,Char
650,YOY_MX_SHP_ADM_CHYN,전년동기대비_매출최대사업체시도코드_변화여부,Y,Char
651,YOY_SHP_CD_USE_RTC,전년동기대비_사업자카드이용액_증감률,N,Num
652,YOY_SHP_LN_BAL_RTC,전년동기대비_사업자대출잔액_증감률,N,Num
653,YOY_YR_SALES_RTC,전년동기대비_연매출추정금액_증감률,N,Num
654,YOY_R3M_FOOD_AMT_RTC,전년동기대비_최근3개월_요식_이용금액_증감률,N,Num
655,YOY_R3M_ENT_AMT_RTC,전년동기대비_최근3개월_유흥_이용금액_증감률,N,Num
656,YOY_R3M_DEP_AMT_RTC,전년동기대비_최근3개월_백화점_이용금액_증감률,N,Num
657,YOY_R3M_MART_AMT_RTC,전년동기대비_최근3개월_대형할인점_이용금액_증감률,N,Num
658,YOY_R3M_SSM_AMT_RTC,전년동기대비_최근3개월_소형유통점_이용금액_증감률,N,Num
659,YOY_R3M_CLOTHES_AMT_RTC,전년동기대비_최근3개월_의류/잡화_이용금액_증감률,N,Num
660,YOY_R3M_CUL_AMT_RTC,전년동기대비_최근3개월_스포츠/문화/레저_이용금액_증감률,N,Num
661,YOY_R3M_ACCO_AMT_RTC,전년동기대비_최근3개월_숙박_이용금액_증감률,N,Num
662,YOY_R3M_TRAVEL_AMT_RTC,전년동기대비_최근3개월_여행_이용금액_증감률,N,Num
663,YOY_R3M_TRANS_AMT_RTC,전년동기대비_최근3개월_교통_이용금액_증감률,N,Num
664,YOY_R3M_BEAUTY_AMT_RTC,전년동기대비_최근3개월_미용_이용금액_증감률,N,Num
665,YOY_R3M_HOUSEHOLD_AMT_RTC,전년동기대비_최근3개월_가정생활/서비스_이용금액_증감률,N,Num
666,YOY_R3M_EDU_AMT_RTC,전년동기대비_최근3개월_교육/학원_이용금액_증감률,N,Num
667,YOY_R3M_MED_AMT_RTC,전년동기대비_최근3개월_의료_이용금액_증감률,N,Num
668,YOY_R3M_FURN_AMT_RTC,전년동기대비_최근3개월_가전/가구_이용금액_증감률,N,Num
669,YOY_R3M_CAR_AMT_RTC,전년동기대비_최근3개월_자동차판매_이용금액_증감률,N,Num
670,YOY_R3M_CAR_SERVICE_AMT_RTC,전년동기대비_최근3개월_자동차서비스/용품_이용금액_증감률,N,Num
671,YOY_R3M_OIL_AMT_RTC,전년동기대비_최근3개월_주유_이용금액_증감률,N,Num
672,YOY_R3M_E_COMM_AMT_RTC,전년동기대비_최근3개월_전자상거래_이용금액_증감률,N,Num
673,YOY_R3M_DLV_AMT_RTC,전년동기대비_최근3개월_배달앱_이용금액_증감률,N,Num
674,YOY_R3M_HOTEL_AMT_RTC,전년동기대비_최근3개월_특급호텔_이용금액_증감률,N,Num
675,YOY_R3M_JJ_AMT_RTC,전년동기대비_최근3개월_제주도지역_이용금액_증감률,N,Num
676,YOY_R3M_TRAVEL_OS_AMT_RTC,전년동기대비_최근3개월_해외여행_이용금액_증감률,N,Num
677,YOY_R3M_STARBUCKS_AMT_RTC,전년동기대비_최근3개월_스타벅스_이용금액_증감률,N,Num
678,YOY_R3M_E_CHARGE_AMT_RTC,전년동기대비_최근3개월_전기차충전_이용금액_증감률,N,Num
679,YOY_R3M_CONV_AMT_RTC,전년동기대비_최근3개월_편의점_이용금액_증감률,N,Num
680,YOY_R3M_M_DEP_AMT_RTC,전년동기대비_최근3개월_마케팅_백화점_이용금액_증감률,N,Num
681,YOY_R3M_M_MART_AMT_RTC,전년동기대비_최근3개월_마케팅_대형마트_이용금액_증감률,N,Num
682,YOY_R3M_M_S_MART_AMT_RTC,전년동기대비_최근3개월_마케팅_슈퍼마켓_이용금액_증감률,N,Num
683,YOY_R3M_M_OUTLET_AMT_RTC,전년동기대비_최근3개월_마케팅_아울렛_이용금액_증감률,N,Num
684,YOY_R3M_M_DF_AMT_RTC,전년동기대비_최근3개월_마케팅_면세점_이용금액_증감률,N,Num
685,YOY_R3M_M_CONV_AMT_RTC,전년동기대비_최근3개월_마케팅_편의점_이용금액_증감률,N,Num
686,YOY_R3M_M_H_SHOP_AMT_RTC,전년동기대비_최근3개월_마케팅_홈쇼핑_이용금액_증감률,N,Num
687,YOY_R3M_M_DEP_L_AMT_RTC,전년동기대비_최근3개월_마케팅_백화점_롯데백화점_이용금액_증감률,N,Num
688,YOY_R3M_M_DEP_S_AMT_RTC,전년동기대비_최근3개월_마케팅_백화점_신세계백화점_이용금액_증감률,N,Num
689,YOY_R3M_M_DEP_H_AMT_RTC,전년동기대비_최근3개월_마케팅_백화점_현대백화점_이용금액_증감률,N,Num
690,YOY_R3M_M_DEP_G_AMT_RTC,전년동기대비_최근3개월_마케팅_백화점_갤러리아백화점_이용금액_증감률,N,Num
691,YOY_R3M_M_DEP_A_AMT_RTC,전년동기대비_최근3개월_마케팅_백화점_AK플라자_이용금액_증감률,N,Num
692,YOY_R3M_M_DEP_I_AMT_RTC,전년동기대비_최근3개월_마케팅_백화점_아이파크백화점_이용금액_증감률,N,Num
693,YOY_R3M_M_MART_E_AMT_RTC,전년동기대비_최근3개월_마케팅_대형마트_이마트_이용금액_증감률,N,Num
694,YOY_R3M_M_MART_H_AMT_RTC,전년동기대비_최근3개월_마케팅_대형마트_홈플러스_이용금액_증감률,N,Num
695,YOY_R3M_M_MART_L_AMT_RTC,전년동기대비_최근3개월_마케팅_대형마트_롯데마트_이용금액_증감률,N,Num
696,YOY_R3M_M_MART_N_AMT_RTC,전년동기대비_최근3개월_마케팅_대형마트_하나로마트_이용금액_증감률,N,Num
697,YOY_R3M_M_MART_ET_AMT_RTC,전년동기대비_최근3개월_마케팅_대형마트_이마트트레이더스_이용금액_증감률,N,Num
698,YOY_R3M_M_MART_V_AMT_RTC,전년동기대비_최근3개월_마케팅_대형마트_VIC마켓_이용금액_증감률,N,Num
699,YOY_R3M_MBR_USE_CNT_RTC,전년동기대비_최근3개월_멤버십사용회수_증감률,N,Num
700,YOY_R3M_OUTSIDE_WDAY_CNT_RTC,전년동기대비_최근3개월_평일집직장외방문횟수_증감률,N,Num
701,YOY_R3M_OUTSIDE_HDAY_CNT_RTC,전년동기대비_최근3개월_휴일집직장외방문횟수_증감률,N,Num
702,YOY_R3M_HOME_WDAY_STAY_TIME_RTC,전년동기대비_최근3개월_평일집근처총체류시간_증감률,N,Num
703,YOY_R3M_MOV_WDAY_DIST_RTC,전년동기대비_최근3개월_평일이동총거리_증감률,N,Num
704,YOY_R3M_ITRT_FIN_PAY_CS,전년동기대비_금융_결제_관심도_변화,Y,Char
705,YOY_R3M_ITRT_FIN_INSUR_CS,전년동기대비_금융_보험_관심도_변화,Y,Char
706,YOY_R3M_ITRT_FIN_COIN_CS,전년동기대비_금융_암호화폐_관심도_변화,Y,Char
707,YOY_R3M_ITRT_FIN_BANK_CS,전년동기대비_금융_은행/카드_관심도_변화,Y,Char
708,YOY_R3M_ITRT_FIN_ASSET_CS,전년동기대비_금융_자산관리_관심도_변화,Y,Char
709,YOY_R3M_ITRT_FIN_STOCK_CS,전년동기대비_금융_증권_관심도_변화,Y,Char
710,YOY_R3M_ITRT_LIFE_HEALTH_CS,전년동기대비_생활_건강/운동/의료_관심도_변화,Y,Char
711,YOY_R3M_ITRT_LIFE_DELIVERY_CS,전년동기대비_생활_배달/식음료_관심도_변화,Y,Char
712,YOY_R3M_ITRT_LIFE_HOUSE_CS,전년동기대비_생활_부동산_관심도_변화,Y,Char
713,YOY_R3M_ITRT_LIFE_MOVE_CS,전년동기대비_생활_이사/인테리어_관심도_변화,Y,Char
714,YOY_R3M_ITRT_LIFE_CAR_CS,전년동기대비_생활_카라이프_관심도_변화,Y,Char
715,YOY_R3M_ITRT_LIFE_KIDS_CS,전년동기대비_생활_키즈_관심도_변화,Y,Char
716,YOY_R3M_ITRT_LIFE_BEAUTY_CS,전년동기대비_생활_뷰티_관심도_변화,Y,Char
717,YOY_R3M_ITRT_SHOP_MART_CS,전년동기대비_쇼핑_백화점/대형마트/면세점_관심도_변화,Y,Char
718,YOY_R3M_ITRT_SHOP_SOCIAL_CS,전년동기대비_쇼핑_소셜커머스_관심도_변화,Y,Char
719,YOY_R3M_ITRT_SHOP_OPEN_CS,전년동기대비_쇼핑_오픈마켓_관심도_변화,Y,Char
720,YOY_R3M_ITRT_SHOP_BEAUTY_CS,전년동기대비_쇼핑_패션/뷰티_관심도_변화,Y,Char
721,YOY_R3M_ITRT_SHOP_JIKGU_CS,전년동기대비_쇼핑_해외직구_관심도_변화,Y,Char
722,YOY_R3M_ITRT_LEISURE_SPORT_CS,전년동기대비_레저_스포츠_관심도_변화,Y,Char
723,YOY_R3M_ITRT_LEISURE_TRAVEL_CS,전년동기대비_레저_여행_관심도_변화,Y,Char
724,YOY_R3M_ITRT_LEISURE_HOTEL_CS,전년동기대비_레저_호텔/숙박_관심도_변화,Y,Char
725,YOY_R3M_ITRT_ENT_SVOD_CS,전년동기대비_엔터_sVOD_관심도_변화,Y,Char
726,YOY_R3M_ITRT_ENT_BROADCAST_CS,전년동기대비_엔터_동영상/방송_관심도_변화,Y,Char
727,YOY_R3M_ITRT_ENT_RADIO_CS,전년동기대비_엔터_라디오_관심도_변화,Y,Char
728,YOY_R3M_ITRT_ENT_PIC_CS,전년동기대비_엔터_사진_관심도_변화,Y,Char
729,YOY_R3M_ITRT_ENT_WEBTOON_CS,전년동기대비_엔터_웹툰/애니_관심도_변화,Y,Char
730,YOY_R3M_ITRT_ENT_MUSIC_CS,전년동기대비_엔터_음악_관심도_변화,Y,Char
731,YOY_R3M_ITRT_INFO_NEWS_CS,전년동기대비_정보_뉴스_관심도_변화,Y,Char
732,YOY_R3M_ITRT_INFO_BOOK_CS,전년동기대비_정보_도서/잡지_관심도_변화,Y,Char
733,YOY_R3M_ITRT_INFO_BLOG_CS,전년동기대비_정보_블로그_관심도_변화,Y,Char
734,YOY_R3M_ITRT_INFO_PORTAL_CS,전년동기대비_정보_포탈_관심도_변화,Y,Char
735,YOY_R3M_ITRT_COMM_SNS_CS,전년동기대비_커뮤_SNS_관심도_변화,Y,Char
736,YOY_R3M_ITRT_COMM_VOIP_CS,전년동기대비_커뮤_VoIP_관심도_변화,Y,Char
737,YOY_R3M_ITRT_COMM_DATE_CS,전년동기대비_커뮤_데이트_관심도_변화,Y,Char
738,YOY_R3M_ITRT_COMM_MESSENGER_CS,전년동기대비_커뮤_메신저_관심도_변화,Y,Char
